No;Nama;NIM;Pertemuan;Status pengumpulan;S1 (4);S2 (4);S3 (4);S4 (4);S5 (5);S6 (5);S7 (5);S8 (5);S9 (4);S10 (5);S11 (5);S12 (10);S13 (10);S14 (10);S15 (10);S16 (5);S17 (5);Total skor;Hari telat;Pengurangan;Nilai akhir;Catatan
1;DITA SOFIA PRAMESTI;24061334168;;Tidak mengumpulkan;0;0;0;0;0;0;0;0;0;0;0;0;0;0;0;0;0;0;;0;0;Tidak ada submission
2;GLOVANNY CHRISEYLA GIRSANG;26061334167;;Tepat waktu;;;;;;;;;;;;;;;;;;;0;0;;PDF tidak dapat diekstrak sama sekali — perlu dinilai manual dari file asli
3;MAULANA ISHAQ;26061334139;;Tidak mengumpulkan;0;0;0;0;0;0;0;0;0;0;0;0;0;0;0;0;0;0;;0;0;Tidak ada submission
4;SARASYAHDE ARIH SENJA;26061334138;;Tidak mengumpulkan;0;0;0;0;0;0;0;0;0;0;0;0;0;0;0;0;0;0;;0;0;Tidak ada submission
5;SITI LUTVIANA ULFA;26061334149;;Telat 2 hari 23 jam;0;0;0;0;0;0;0;0;0;0;0;0;0;0;0;0;0;0;3;15;0;File PDF tidak relevan: berisi materi tentang Karbohidrat (jenis, fungsi, kebutuhan harian), bukan jawaban LKM Energi 17 soal sesuai rubrik. Tidak ada satu pun jawaban yang dapat dinilai terhadap rubrik ini.
6;ANGGUN AISYAH AZAHRA;26061334191;;Tepat waktu;2,5;1;3;1,5;2;2,5;3;3;2;3,5;1;3;0;2;1;3;3;37;0;0;37;"Kualitas scan/tulisan tangan sulit dibaca (banyak bagian tidak terbaca jelas); jawaban soal 13 (IOM) tidak ditemukan/kosong; soal 12 & 15 tidak lengkap (Hani dan Harsya tidak dihitung, tidak ada rumus Mifflin); mahasiswa sendiri menulis 'belum faham' pada soal 17."
7;NUR HAMZAH EL HABIBIE;26061334143;;Tepat waktu;0;0;0;0;0;3,5;2,5;4;2;4;0;3;2,5;1,5;4;0,5;1;28,5;0;0;28,5;"Jawaban soal 1-5 tidak ditemukan dalam dokumen (kemungkinan halaman tidak lengkap/tidak terscan) - diberi skor 0; soal 11 (respiratory quotient) tidak dijawab; soal 12 hanya mengerjakan rumus Mifflin-St Jeor (Harris-Benedict tidak dikerjakan); langkah kerja pada soal 13-14 tidak ditampilkan dengan jelas."
8;SAUQY NAJWA LIAN MAULIDA;26061334173;;Telat 4 hari 18 jam;2;3;2;3;3;5;4;1;2;2;2;1;8;3;6;2;4;53;5;25;28;"Soal 12 menggunakan rumus IOM (bukan Harris-Benedict/Mifflin-St Jeor yg diminta); BMR Harris-Benedict baru muncul di soal 15; soal 14 tidak lengkap 24 jam untuk semua anggota keluarga"
9;NI MADE DWITYA KARTIKA PUTRI PAYUSE;26061334120;;Tepat waktu;2;3;2,5;1,5;2;2;2,5;3,5;2;4;2;4;4;3;1,5;2,5;2,5;44,5;0;0;44,5;"Jawaban banyak tidak lengkap/kabur (OCR sebagian rusak namun substansi memang dangkal); data BB/TB/usia antaranggota keluarga tercampur di soal 12-14; Q15 tidak menghitung TDEE (hanya label kategori PAL tanpa nilai kkal)"
10;ALINE MAULIDIAH NUR RAHMA;26061334153;;Tepat waktu;3;3;3;2;4;4;3;4;3;4;5;8;7;5;2;0;0;60;0;0;60;Soal 16 dan 17 tidak dijawab (jawaban berhenti setelah soal 15 dan langsung ke Daftar Pustaka). Soal 15 tidak menghitung TDEE (hanya mengulang perhitungan BMR Mifflin-St Jeor tanpa dikalikan faktor PAL).
11;ATIQOTUR RAHMAH ALFAINI;26061334201;;Tepat waktu;2;3,5;3;3,5;2,5;5;5;3;2,5;4,5;1,5;7;7,5;3,5;4;4,5;2;64,5;0;0;64,5;Soal 14: langkah perhitungan METs untuk Hani & Harsya tidak lengkap terlihat pada hasil pembacaan PDF
12;JIHAN PRICILLA AGUSTINA;26061334107;;Tepat waktu;2;4;3,5;3;4;5;3;3;3;4;2,5;6;8;4;5;5;4;69;0;0;69;Kualitas scan sangat buram/tulisan sulit terbaca terutama pada bagian hitungan (soal 12-15), sehingga sebagian angka hasil OCR kurang pasti dan dinilai dengan tingkat keyakinan lebih rendah.
13;JESSICA GERMITA LATJANDU;26061334113;;Tepat waktu;2,5;4;3,5;3;4,5;2,5;3;4;2;4;1;8;8;5;8;3;2;68;0;0;68;
14;KARINTANAYA PARAMITA DEWI;26061334182;;Tepat waktu;1,5;3;3;1;3;2;3;2;2;3;2;7;10;8;7;4;2;63,5;0;0;63,5;"Q1 jawaban terlalu umum/kurang relevan dengan konsep energi dalam gizi; Q12 rumus Harris-Benedict memiliki kesalahan pada Harsya (salah menggunakan rumus wanita untuk anak laki-laki) dan Bu Dewi (kesalahan hitung usia), meski rumus Mifflin-St Jeor benar semua; Q15 menggunakan rumus BMR alternatif bukan hasil soal 12."
15;PUTRI HERMINA SARI;26061334141;;Tepat waktu;2;4;2;0;4,5;3,5;3,5;4;2;4;4;9;10;6;6;3;3;70,5;0;0;70,5;"Soal 4 tidak terjawab (kosong); sebagian jawaban soal 14-15 untuk anggota keluarga Hani dan Harsya tidak lengkap/terpotong pada hasil pemindaian dokumen."
16;FELYCIA RAINA JUMAR;26061334183;;Tepat waktu;3;4;1;1,5;5;5;5;5;2;5;2;10;4;8;8;5;2;75,5;0;0;75,5;"Q3 jawaban tidak menjawab definisi kebutuhan energi (hanya menjelaskan hubungan aktivitas fisik dengan energi); Q13 rumus dan substitusi data sudah benar tetapi hasil akhir untuk semua anggota keluarga salah/tidak masuk akal (kemungkinan kesalahan penulisan angka/desimal)."
17;MEYLANIE ADYANI;26061334174;;Tepat waktu;3;3;3,5;1;4;3;2;4;3;4,5;4;9;8;7;6;1,5;4;70,5;0;0;70,5;"Soal 4 tidak menjawab komponen TEE (BMR/TEF/aktivitas) dgn tepat; soal 15 memakai BMR baru yg tidak konsisten dgn soal 12; soal 16 bagian kekurangan energi tidak terjawab relevan"
18;M.RAMADHANI TJIUNARDI;26061334161;;Tepat waktu;4;4;4;4;5;5;5;3;3;4,5;2;6;8;4;3,5;3,5;4;72,5;0;0;72,5;"Q12: hanya rumus Harris-Benedict dikerjakan, Mifflin-St Jeor tidak ditampilkan; Q14/15 ada beberapa kesalahan substitusi BB & nilai ganda pada anggota keluarga."
19;RABELLA IZZATI PUTRI;26061334172;;Tepat waktu;2;3;2,5;1,5;5;5;3;4;2;4;4;10;10;4;5;4;1;70;0;0;70;Soal 14-15 tertukar data antar anggota keluarga (Hani/Harsya) dan sebagian perhitungan tidak lengkap
20;MUHAMMAD BAYU ERLANGGA;26061334175;;Tepat waktu;4;3;2;3,5;3;5;4;3;2;3,5;2;9,5;5;3;2;4,5;3;62;0;0;62;"Soal 13 tanpa langkah kerja & sebagian nilai anomali (Harsya); soal 14 hanya menghitung Pak Salman (anggota lain tidak dihitung); soal 15 hanya kategori PAL disebut tanpa hitungan BMR x PAL"
21;FAKHRIYA AYU PRAMESTI;26061334168;;Tepat waktu;3;4;2;3;4,5;5;4,5;4;3;4;4,5;9;7;6;8;4;4;79,5;0;0;79,5;
22;SYAHLA AULIA SETIYOAJI;26061334155;;Tepat waktu;3;4;3;3;4;4;4;4;3;4;4;9;8;9;8;4;4;82;0;0;82;
23;INNI FATMIWATI;26061334193;;Tepat waktu;2;4;3;1;4,5;4;4,5;3;3;4;3,5;1;0,5;1;1,5;4;3;47,5;0;0;47,5;"Soal 12-15 (BMR/IOM/METs/PAL) hanya menuliskan rumus umum tanpa substitusi data dan hasil numerik untuk anggota keluarga Pak Salman; beberapa jawaban tampak tertukar urutan penomoran (materi obligatory/facultative & EAT/NEAT muncul di bawah nomor 4)."
24;YASMIN YELENA EKA PUTRI;26061334140;;Tepat waktu;2;4;3;1;4;3;2;3;2;3;2;5;2;1,5;3;3,5;0,5;44,5;0;0;44,5;"Kesalahan hitung signifikan pada soal 12 (2 dari 4 anggota keluarga, rumus Harris-Benedict) yang berdampak berantai (error tidak dapat dianggap carried-forward wajar) ke soal 13 dan 15; soal 14 tidak menampilkan rincian per aktivitas (hanya BB x MET rata-rata x 24 jam) dan hasil tidak masuk akal."
25;RIZQI AMIRUL IKHSAN;26061334188;;Tepat waktu;2;4;3;1,5;2,5;4;3;3;3;4;4;9;2;1;4;1;1;52;0;0;52;"Soal 13 (IOM) mengalami kesalahan substitusi/satuan yang signifikan; soal 14 (METs) tidak dihitung secara memadai; soal 16 hanya membahas sisi kekurangan energi (sisi kelebihan tidak dijawab)."
26;DAKKA ROSYIDAN ALFAREZA;26061334178;;Tepat waktu;2;3;4;4;5;5;5;3;3;1;0;2;4;4;5;5;4;59;0;0;59;"Q10 tidak menjelaskan metode pengukuran pengeluaran energi (hanya definisi umum); Q11 (respiratory quotient) tidak dijawab; Q12 hanya menghitung BMR untuk 1 dari 4 anggota keluarga (Harsya saja); Q13-15 hanya menyajikan hasil akhir tanpa langkah/cara kerja yang jelas."
27;ZUFAIRAMALIA PARAHITA;26061334154;;Tepat waktu;2;3;3;2,5;2;3;3;4;2;3;2;3;6;4;6;5;3;56,5;0;0;56,5;Soal 12: BMR hanya dihitung untuk Pak Salman (Harris-Benedict & Mifflin), BMR Bu Dewi/Hani/Harsya tidak dihitung sama sekali. Soal 13: perhitungan EER Harsya menggunakan TB=0,55 (seharusnya 1,30 m), kesalahan substitusi data signifikan.
28;DEVITA CANDRA MAHARANI;26061334108;;Tepat waktu;2,5;4;3;1;4;5;2;3;2;4;2;6;3;6;8;4;3;62,5;0;0;62,5;Banyak kesalahan hitung pada soal 12 (Harris-Benedict) dan soal 13 (IOM, kesalahan penempatan desimal berulang untuk semua anggota keluarga).
29;MUCH. SYAMAIDZARUN NABIL;26061334181;;Tepat waktu;3;4;4;1,5;5;5;4;4;2;4;4;10;8;2;8;4;2;74,5;0;0;74,5;Q14 (METs) menggunakan rumus yang salah (menjumlahkan semua nilai MET lalu dikalikan total jam) sehingga hasil tidak masuk akal/tidak realistis untuk sebagian besar anggota keluarga.
30;NURRAHMA CHOIRUNNISSA;26061334194;;Tepat waktu;2,5;3;3;3,5;4,5;4;5;4,5;4;5;2;8;3;1;8;2,5;1,5;65;0;0;65;"Soal 13 (IOM) mengalami kesalahan satuan tinggi badan (cm bukan meter) pada sebagian besar anggota keluarga sehingga hasil jauh melenceng; soal 14 (METs) perhitungan tidak koheren/tidak tuntas."
31;ZIDAN NAUFAL ALGHIFARI;26061334176;;Tepat waktu;3;3;2;2;2;4;3;4;2;4;2;5;8;3;8;3;2;60;0;0;60;"Q12 hanya menghitung dengan rumus Harris-Benedict, rumus Mifflin-St Jeor tidak dikerjakan; Q14 (METs) tidak lengkap/tidak jelas mencakup 24 jam untuk semua anggota keluarga."
32;ALYA AGUSTINA;26061334117;;Tepat waktu;3,5;3;2,5;2;3,5;4,5;3,5;3;3,5;4;2;8;9,5;4;1,5;3;4;65;0;0;65;"Q15 tidak menggunakan rumus BMR x PAL (hanya mengulang total METS Q14); Q14 formula/label campur aduk antar anggota keluarga"
33;AULIA RAMADHANI;26061334124;;Tepat waktu;2;4;3;2;4,5;4;3;4;2;4;2;9;3;6;7;4;5;68,5;0;0;68,5;Soal 13 (IOM): hasil perhitungan tidak masuk akal (selisih ~100x dari nilai wajar, kemungkinan kesalahan penulisan angka/desimal).
34;CAILAH ADYA JANANURAGA;26061334197;;Tepat waktu;2;4;2,5;1,5;4;3;3;4;2;4;2;9;9;5;8;3;2;68;0;0;68;
35;MUHAMMAD RIDWAN AL ARAAF SURYANTO;26061334105;;Tepat waktu;2;4;3;1,5;4;3,5;2;3;2;4;2;10;8;2;7;3;3;64;0;0;64;Soal 14 (METS) hanya berupa rentang hasil tanpa cara kerja/rincian aktivitas per anggota keluarga.
36;SAIFANA ATHIRA;26061334170;;Tepat waktu;3,5;4;2;2;4;2,5;3;3;2;4;2;6;4;3;6;4,5;2;57,5;0;0;57,5;"Jawaban umumnya sangat singkat (istilah dilist tanpa penjelasan); soal 13-14 tidak menampilkan langkah kerja"
37;RADITYA DWI REIFANTO;26061334127;;Tepat waktu;2;4;4;4;4;3,5;5;5;2;5;2;9;3;6;7;4;4,5;74;0;0;74;Soal 13 (IOM): hasil perhitungan tidak masuk akal untuk seluruh anggota keluarga (selisih ~100x dari nilai wajar).
38;SHEILLA RAMADANI AMURI;26061334162;;Tepat waktu;2;4;2,5;1,5;1;5;4;3;2;4,5;3;8,5;9,5;7,5;9;4;2;73;0;0;73;
39;YOHANA ANABEL VEGA YUWONO PUTRI;26061334122;;Tepat waktu;2,5;4;3,5;3;5;3;4,5;4,5;2;4;4;9,5;1,5;7,5;6,5;4;4;73;0;0;73;Q13 kesalahan signifikan: TB disubstitusi dalam cm (bukan meter) untuk semua anggota keluarga sehingga hasil EER tidak masuk akal
40;QUEEN AQILA QUDSIA;26061334150;;Tepat waktu;3;4;3;4;4;4;3;4;2;4;3;10;6;4;5;3;2;68;0;0;68;
41;ROSSA AULIA;26061334132;;Tepat waktu;3;4;3;3,5;3;4;3;3;3;4;2;9;5;6;8;3,5;3;70;0;0;70;Soal 13 (IOM): hasil akhir diberikan tanpa langkah substitusi/cara kerja untuk seluruh anggota keluarga.
42;HILDA HAYYINUZZAHWA ANABILA;26061334195;;Tepat waktu;2,5;4;3;1,5;4,5;4;4,5;3;3;4;4;5;9,5;4;9;4;1,5;71;0;0;71;"Soal 12 (Harris-Benedict) hasil hitung salah untuk seluruh anggota keluarga meski rumus Mifflin-St Jeor benar; soal 14 (METs) menggunakan pendekatan agregat yang tidak sesuai formula sehingga hasil kurang wajar."
43;LUTFI ANANDITA;26061334130;;Telat 15 menit 44 detik;3;4;4;4;5;5;5;4;3;4;3;9;9;7;9;2;4,5;84,5;1;5;79,5;
44;INAYAH RAHAYU ISTIQOMAH;26061334179;;Tepat waktu;3;4;4;1,5;5;2,5;4;4;2;4;4;8;9;0;9;4;3;71;0;0;71;Q14 (perhitungan METs) tidak ada dalam dokumen, langsung lompat dari soal 13 ke soal 15.
45;AUREL BILLBINA SEPTYANTI;26061334146;;Tepat waktu;2;3;3;1;2;3;2;3;2;4;2;10;9;7;8;4;2;67;0;0;67;
46;GISELA ANASTASYA MUNTE;26061334190;;Tepat waktu;2;3;3,5;4;4;5;4,5;4;2;5;2;7;8;1;8;3,5;2;68,5;0;0;68,5;"Soal 12-13 sebagian besar hanya menampilkan hasil akhir tanpa cara kerja lengkap untuk semua anggota keluarga; soal 14 (METs) hanya menuliskan rumus tanpa perhitungan aktual."
47;MARETTA HUDA LESTARI;26061334159;;Tepat waktu;2,5;3;3;1,5;5;5;3;3;3;4;2;9,5;9;5;8;2;1,5;70;0;0;70;
48;DHITA PRATIWI;26061334136;;Tepat waktu;2;3;3,5;1;3;5;2;4,5;1,5;4;1;10;6;4;7;3,5;5;66;0;0;66;"Jawaban soal 4 tertukar dengan konsep faktor REE (bukan komponen TEE); soal 14 tidak mencakup seluruh 24 jam aktivitas tiap anggota keluarga."
49;KAILILA ZAHURA RAMADHANI;26061334133;;Tepat waktu;3;3;2;1,5;4;3;3;4;3;3;3;9;5;5;7;3,5;2,5;64,5;0;0;64,5;
50;KEANO RUZAIN FIRSTYAN;26061334103;;Tepat waktu;3;4;2;3;4;4,5;4;3;2;4;2;9,5;6,5;8;7,5;4;3;74;0;0;74;
51;RIMBI FAJAR VATIKASARI;26061334147;;Tepat waktu;3;3;3;1,5;4;3;5;4;3;3;4;10;7;3;4;5;4;69,5;0;0;69,5;
52;ALISYA PUTRI RAMADANI;26061334180;;Tepat waktu;3;4;2;1,5;5;5;3;4;2;4;4;10;10;8;7;4;2;78,5;0;0;78,5;Q15 menggunakan rumus BMR alternatif (bukan hasil BMR dari soal 12) sehingga tidak sepenuhnya menerapkan prinsip error carried forward, namun hasil tetap konsisten dan masuk akal.
53;ELVIRA JELITA TRINASTIKA HAREFA;26061334177;;Telat 5 hari 7 jam;3;2,5;4;1,5;5;5;4;4;3;4,5;3;9;7;5;7;5;2,5;75;6;30;45;"Q2 nilai zat gizi makro sebagian tidak terbaca jelas dari scan (kemungkinan OCR); Q13 ada inkonsistensi hasil akhir untuk Hani (hasil akhir 1241 tidak sesuai dengan komponen hitungan sebelumnya); Q15 ada 1 anggota keluarga (Pak Salman) dengan hasil TDEE tidak konsisten dengan BMR x PAL yang dinyatakan."
54;IKRIMA WALADANA FAIZAH;26061334106;;Tepat waktu;2;4;3;2;4;4,5;4;3;2;4;4;8;8;7,5;8,5;4;3,5;76;0;0;76;
55;KEISYA BRILIAN MAHARANI;26061334164;;Tepat waktu;2;4;3;1,5;5;5;3;3;1,5;4,5;4;9,5;9,5;7;9,5;2,5;1,5;76;0;0;76;Q16: jawaban berfokus pada dampak neurologis/perkembangan otak, kurang relevan dengan poin kunci rubrik (obesitas/DM vs KEP/stunting).
56;SEPTIANI CAHAYA RAMADANI;26061334118;;Tepat waktu;2,5;3;3,5;1,5;5;3,5;4,5;4;2;4;4;9,5;9,5;3,5;8,5;2,5;2;73;0;0;73;"Q4 jawaban tertukar dgn materi faktor REE (Q6); Q14 tidak lengkap (Hani tidak dihitung)"
57;WINNA FALISHA PUTRI;26061334185;;Tepat waktu;3;3;3,5;2,5;5;4;4;4,5;3;5;2,5;7;9;2;8;4;1,5;71,5;0;0;71,5;"Q12 rumus Harris-Benedict untuk Harsya memiliki kesalahan hitung signifikan (hasil jauh dari nilai yang diharapkan); Q14 (METs) menggunakan rumus yang salah (menjumlahkan semua nilai MET lalu dikalikan total jam) sehingga hasil tidak masuk akal, dan perhitungan untuk Harsya tidak ada."
58;RA.TAQIYAH AGUSTINA AGRAM;26061334200;;Tepat waktu;3;4;2,5;3;4,5;4,5;4;4;3;3,5;4;6;7;3;4;4,5;2;66,5;0;0;66,5;Soal 12 & 14: sebagian langkah perhitungan tidak terlihat jelas/terpotong pada hasil pembacaan PDF
59;RAISYA AYU RAMADHANI;26061334160;;Tepat waktu;4;4;3,5;4;4;5;4;4;2;5;4,5;9,5;8;3;8,5;5;2;80;0;0;80;
60;YOLITA BERLIANI;26061334171;;Tepat waktu;2;3;3;3,5;1,5;5;3;4;4;5;2;6;10;8;4;4,5;3;71,5;0;0;71,5;Soal 15 menerapkan faktor PAL dua kali (hasil soal 14 yg sudah berupa BMR x PAL dikalikan PAL lagi), sehingga hasil tidak masuk akal
61;AZ ZAHRA JASMINE SENA;26061334119;;Tepat waktu;2,5;4;3,5;3;5;2,5;4,5;4;4;4,5;2,5;9,5;1,5;5;7;3,5;3,5;70;0;0;70;Q13 kesalahan signifikan: TB disubstitusi dalam cm (bukan meter) untuk semua anggota keluarga sehingga hasil EER tidak masuk akal (ratusan ribu kkal)
62;JUNDA ORABEL EL YOVINE;26061334145;;Tepat waktu;2;3;3;2;4;4;4;4;3;4;2;9;9;5;8;4;2;72;0;0;72;
63;IRENE VIVIAN RIHLATI;26061334184;;Tepat waktu;2;4;4;1;5;5;2,5;4;3;4;4;10;10;2;9;5;4,5;79;0;0;79;Q14 (METs) menggunakan rumus yang salah (menjumlahkan semua nilai MET lalu dikalikan total jam) sehingga hasil tidak masuk akal untuk sebagian besar anggota keluarga.
64;JUWITA NINDYANING TYAS;26061334186;;Tepat waktu;3;4;3;1,5;4,5;4;2;4;3;4;4;9;9;6,5;7;2;3,5;74;0;0;74;
65;ANGGITA RAHMA PUTRI;26061334126;;Tepat waktu;3;4;4;4;4;3,5;5;5;2;5;2;9;3;6;7;4;4,5;75;0;0;75;Soal 13 (IOM): hasil perhitungan tidak masuk akal untuk seluruh anggota keluarga (selisih ~100x dari nilai wajar).
66;KARIN STEPHANI;26061334104;;Tepat waktu;2,5;4;3;3;4;4,5;4;3;2;4;4;10;8;5;7;4;3;75;0;0;75;
67;MAHARDIVA ADELIA PUTRI;26061334152;;Tepat waktu;3;3;3;2;4;4;5;4;3;4;2;8;8;6;7;4;3;73;0;0;73;
68;REVI OKTAVIANA PUTRI;26061334165;;Tepat waktu;2;4;3;2;5;4;5;3;3;4;4,5;8;9,5;8;6,5;4,5;4,5;80,5;0;0;80,5;"Q12: data BB Pak Salman tertulis 60kg (tidak konsisten dg 68kg yg digunakan dlm hitungan); Q12/15 BMR Mifflin Bu Dewi tertukar dg data Hani."
69;AHMAD DHAFIN PUTRA AJI;26061334110;;Tepat waktu;2;4;3;1,5;4,5;5;3;3;2;4;4;10;7;5;6;4;4;72;0;0;72;
70;AZMI NUR ATHIFAH;26061334111;;Tepat waktu;2;4;4;3;5;3,5;3;3;2;4;4;9,5;9,5;7;8,5;4,5;4,5;81;0;0;81;
71;ZONANDHITA ZALFA MAWLA;26061334137;;Telat 2 hari 21 jam;3;3;2;1,5;4;4,5;4;3;3,5;2,5;3,5;9,5;10;8,5;8;3;3;76,5;3;15;61,5;
72;AQIDAH HIDAYADJATI MARDIKINATA MAHAESA;26061334157;;Tepat waktu;2,5;4;3;3;1;5;3;3,5;3;4;2;8,5;9;5;8,5;4;3,5;72,5;0;0;72,5;
73;NAYLA HUSNA;26061334196;;Tepat waktu;2;4;3,5;1;4,5;4,5;4;4;2;4;2;9;9;8;9;3,5;2;76;0;0;76;
74;NINDYA NUR RAHMA EKA PUTRI;26061334198;;Tepat waktu;3;4;3;3;4,5;4,5;4,5;4;3;4;3,5;9;8;4;8;3,5;4;77,5;0;0;77,5;
75;ALYA SALSABILA UTOMO;26061334192;;Tepat waktu;2,5;4;3;1,5;4,5;5;4,5;3;3;4;4;10;8,5;5;9;4,5;4,5;80,5;0;0;80,5;
76;ANGELLICA ARA SILVIANA AIBINI;26061334204;;Tepat waktu;2;4;3,5;1,5;4,5;4;4,5;4;2,5;4;3,5;9;6,5;5;9;5;4,5;77;0;0;77;Soal 13: jawaban akhir diberikan sebagai rentang (bukan nilai pasti) meski cara kerja ditulis
77;AXELIA KURNIA;26061334112;;Tepat waktu;2;3;3;1;4;4,5;4;3;3;4;4;10;9,5;4;9;4;2,5;74,5;0;0;74,5;"Soal 2 tidak mencantumkan nilai energi alkohol; soal 14 (METS) tidak mencakup 24 jam penuh untuk semua anggota keluarga (tidur tidak dihitung)."
78;AYU HILDA MARITZA HAMZAH PUTRI;26061334123;;Tepat waktu;3;4;3;2;4;4;2;4;3;4;4;9;8;6,5;8;4;4;76,5;0;0;76,5;
79;AZKA AULIA TSURAYYA AL HAQ;26061334116;;Tepat waktu;2,5;4;3,5;3;4;3;4,5;4;3,5;4;4;5,5;9,5;8;8,5;3,5;3,5;78,5;0;0;78,5;
80;MADELAINE MEZIWA GRACIA LAROSA;26061334199;;Tepat waktu;3;3;3;4;3;4;2,5;3,5;2;4,5;2;9;9;9;9;3;3;76,5;0;0;76,5;
81;VANIA EMERALD KRISTY N;26061334121;;Tepat waktu;3,5;4;3,5;2;5;5;3;4,5;2;4;4;8,5;7,5;6;8;4;4,5;79;0;0;79;
82;VITA FACHRYATUL IFADA;26061334135;;Tepat waktu;3;4;3,5;3;5;4;4;3;3;4,5;3;9;9,5;6;5,5;4;2;76;0;0;76;Sebagian tulisan tangan pada soal 14-15 kurang terbaca jelas sehingga sebagian angka pada langkah kerja tidak dapat diverifikasi penuh.
83;ZAGLYNA PUJA SATYARANJANA;26061334189;;Tepat waktu;2,5;4;3;1,5;4,5;4;4;3;1,5;4;4;9,5;9,5;5;7;4;3;74;0;0;74;
84;EMA FITRIA ARTIKA PUTRI;26061334202;;Tepat waktu;2;4;3,5;3,5;4,5;5;3;4;1,5;4;4;9;8,5;4;8,5;5;4,5;78,5;0;0;78,5;
85;NOVI DWI LUTFIAH;26061334151;;Tepat waktu;3;3;3;2;4;4;4;4;2;4;5;10;10;9;7;4;2;80;0;0;80;
86;MUTHI UFAIRAH;26061334158;;Tepat waktu;2,5;4;3;2;5;5;2;3;3;4;4;10;9,5;5,5;9;4;3,5;79;0;0;79;
87;HANIZA AFRILLIA VIRDIANI;26061334114;;Tepat waktu;3;4;2,5;4;4;4,5;4;4,5;2;4,5;4,5;10;9;4;8,5;5;4;82;0;0;82;
88;INTAN RATNA HARDINI;26061334144;;Tepat waktu;2;4;3,5;1;5;3,5;4,5;4;2;4;4;8;10;7;8,5;3,5;3;77,5;0;0;77,5;"Jawaban soal 4 tertukar dengan konsep faktor REE (bukan komponen TEE); data anggota keluarga Harsya pada soal 14 tidak terlihat lengkap dalam hasil pemindaian."
89;ADIINA CAMILIA RULIANTO PUTRI;26061334131;;Tepat waktu;4;4;4;4;5;5;4;4,5;3;5;2;9;9;6;4;5;5;82,5;0;0;82,5;Soal 14: perhitungan METs hanya mencakup 3 dari 4 anggota keluarga (Harsya tidak dihitung). Soal 15: hanya kategori PAL yang ditentukan tanpa hasil akhir TDEE.
90;SUCI DAHLIA;26061334115;;Tepat waktu;3,5;4;2,5;2;5;5;3,5;4;3,5;4,5;2,5;8;9;9,5;9;5;5;85,5;0;0;85,5;
91;MUHAMMAD FAZLI ZIHNI NUGROHO;26061334129;;Tepat waktu;3,5;4;4;4;5;3,5;4,5;3,5;3;5;4;7,5;9;4;4;3;2,5;74;0;0;74;Soal 15: hanya kategori PAL yang ditentukan, tidak ada hasil akhir TDEE (kkal/hari) yang dihitung.
92;AISYAH YULIA ALMAGHFIRA;26061334134;;Tepat waktu;3;2,5;3;3;5;3,5;3;4;3;4;4;9;4;6;5;5;4;71;0;0;71;"Soal 2 (nilai energi zat gizi makro) sulit dipastikan karena hasil OCR/tulisan tangan pada bagian ini kurang jelas; skor diberikan dengan asumsi konservatif."
93;AL-DHIEZA AMANDA PUTRI RATSONGKO;26061334142;;Tepat waktu;3;4;3,5;4;4;4,5;5;3;3,5;4;4,5;9;9,5;3;4;4,5;4,5;77,5;0;0;77,5;Soal 14 dan 15 hanya menampilkan hasil akhir tanpa langkah kerja/rincian per aktivitas sehingga hanya mendapat skor komponen hasil sesuai ketentuan rubrik.
94;DINDA PUSPA ANUGERAH;26061334109;;Tepat waktu;2;4;3;3;4;4;4;3;2,5;4,5;4;10;10;9;8;5;2,5;82,5;0;0;82,5;
95;AQILLA ZAHWA AMELIA PUTRI;26061334163;;Tepat waktu;4;4;3,5;4;4,5;4;4;3,5;3;4;4,5;8,5;9,5;3;8;4;4;80;0;0;80;Q14: beberapa aktivitas tertukar antar anggota keluarga (mis. aktivitas Bu Dewi tercantum di bagian Harsya) dan BB Pak Salman salah (60kg, seharusnya 68kg).
96;CHESYA BERLIANA PUTRI;26061334128;;Tepat waktu;3;3;3,5;2;2;3,5;5;4;3;4;3;8,5;7;8;8;2,5;2,5;72,5;0;0;72,5;
97;RAHAYU DEWI ANGGRAENI;26061334125;;Tepat waktu;3;4;2;3;5;5;5;3;3;4;2;9;9;8;8;4,5;4,5;82;0;0;82;
98;NAJLA KHALISHAH PUTRI CHOIRULIA;26061334187;;Tepat waktu;4;4;4;3,5;5;5;4,5;5;2;5;4,5;9,5;9,5;7;5;5;4;86,5;0;0;86,5;
99;ZORA ANNABELLA ADISTY WIDY ADHARY;26061334203;;Tepat waktu;3;3,5;3,5;4;4,5;4,5;4,5;4,5;3,5;4;4,5;8,5;9;8,5;9;5;3,5;87,5;0;0;87,5;
100;AQILA SHAFA AFIFA;26061334166;;Tepat waktu;3,5;4;3;4;4;5;5;4;3;4,5;4;8,5;9;9;8,5;5;5;89;0;0;89;
101;SILMI LUTFIANI ANAQOH;26061334156;;Tepat waktu;3;4;4;4;4,5;5;5;5;3;5;4;9,5;9,5;5;8;5;5;88,5;0;0;88,5;
102;RISHANDRI DYAH KUSUMA WARDANI;26061334169;;Tepat waktu;2;4;3;3;4,5;5;5;4;3;4;4;10;9;7;9;5;4;85,5;0;0;85,5;
